INSERT INTO DEPARTMENT(ID, NAME)
VALUES (1, 'Technology consulting');
INSERT INTO DEPARTMENT(ID, NAME)
VALUES (2, 'Quality assurance');
INSERT INTO DEPARTMENT(ID, NAME)
VALUES (3, 'Human resources');
INSERT INTO DEPARTMENT(ID, NAME)
VALUES (4, 'Managed services');
INSERT INTO DEPARTMENT(ID, NAME)
VALUES (5, 'Management');

INSERT INTO PERSON(ID, NAME, AGE)
VALUES (1, 'Hasnain Frame', 23);
INSERT INTO PERSON(ID, NAME, AGE)
VALUES (2, 'Sayed Morgan', 25);
INSERT INTO PERSON(ID, NAME, AGE)
VALUES (3, 'Rhys Graves', 27);
INSERT INTO PERSON(ID, NAME, AGE)
VALUES (4, 'Gwen Velasquez', 32);
INSERT INTO PERSON(ID, NAME, AGE)
VALUES (5, 'Kierran Hayden', 28);
INSERT INTO PERSON(ID, NAME, AGE)
VALUES (6, 'Saif Kent', 34);
INSERT INTO PERSON(ID, NAME, AGE)
VALUES (7, 'Khia Boone', 48);
INSERT INTO PERSON(ID, NAME, AGE)
VALUES (8, 'Conan Allman', 24);
INSERT INTO PERSON(ID, NAME, AGE)
VALUES (9, 'Billie-Jo O`Moore', 58);
INSERT INTO PERSON(ID, NAME, AGE)
VALUES (10, 'Johnathan Faulkner', 20);
INSERT INTO PERSON(ID, NAME, AGE)
VALUES (11, 'Bea Cresswell', 26);
INSERT INTO PERSON(ID, NAME, AGE)
VALUES (12, 'Douglas Ferreira', 60);
INSERT INTO PERSON(ID, NAME, AGE)
VALUES (13, 'Manon Blackwell', 19);
INSERT INTO PERSON(ID, NAME, AGE)
VALUES (14, 'Jamaal Blundell', 33);
INSERT INTO PERSON(ID, NAME, AGE)
VALUES (15, 'Zac Weston', 38);
INSERT INTO PERSON(ID, NAME, AGE)
VALUES (16, 'Laura Paine', 24);
INSERT INTO PERSON(ID, NAME, AGE)
VALUES (17, 'Amanpreet Gordon', 48);
INSERT INTO PERSON(ID, NAME, AGE)
VALUES (18, 'Caolan Harrison', 24);
INSERT INTO PERSON(ID, NAME, AGE)
VALUES (19, 'Padraig Mcdonald', 58);
INSERT INTO PERSON(ID, NAME, AGE)
VALUES (20, 'Verity Bob', 20);

INSERT INTO EMPLOYMENT_TYPE(ID, NAME)
VALUES (1, 'Full Time Employee');
INSERT INTO EMPLOYMENT_TYPE(ID, NAME)
VALUES (2, 'Part Time Employee');
INSERT INTO EMPLOYMENT_TYPE(ID, NAME)
VALUES (3, 'Contractor');

INSERT INTO EMPLOYEE(PERSON_ID, DEPARTMENT_ID, START_DATE, END_DATE, EMPLOYMENT_TYPE_ID)
VALUES (1, 1, '2019-04-01 08:00', null, 1);
INSERT INTO EMPLOYEE(PERSON_ID, DEPARTMENT_ID, START_DATE, END_DATE, EMPLOYMENT_TYPE_ID)
VALUES (2, 2, '2018-03-01 08:00', null, 1);
INSERT INTO EMPLOYEE(PERSON_ID, DEPARTMENT_ID, START_DATE, END_DATE, EMPLOYMENT_TYPE_ID)
VALUES (3, 1, '2020-05-01 08:00', null, 1);
INSERT INTO EMPLOYEE(PERSON_ID, DEPARTMENT_ID, START_DATE, END_DATE, EMPLOYMENT_TYPE_ID)
VALUES (4, 1, '2017-06-01 08:00', null, 1);
INSERT INTO EMPLOYEE(PERSON_ID, DEPARTMENT_ID, START_DATE, END_DATE, EMPLOYMENT_TYPE_ID)
VALUES (5, 3, '2020-06-01 08:00', null, 1);
INSERT INTO EMPLOYEE(PERSON_ID, DEPARTMENT_ID, START_DATE, END_DATE, EMPLOYMENT_TYPE_ID)
VALUES (6, 3, '2015-07-01 08:00', '2020-05-01 08:00', 3);
INSERT INTO EMPLOYEE(PERSON_ID, DEPARTMENT_ID, START_DATE, END_DATE, EMPLOYMENT_TYPE_ID)
VALUES (7, 4, '2019-02-01 08:00', null, 1);
INSERT INTO EMPLOYEE(PERSON_ID, DEPARTMENT_ID, START_DATE, END_DATE, EMPLOYMENT_TYPE_ID)
VALUES (8, 4, '2018-03-01 08:00', null, 3);
INSERT INTO EMPLOYEE(PERSON_ID, DEPARTMENT_ID, START_DATE, END_DATE, EMPLOYMENT_TYPE_ID)
VALUES (9, 5, '2020-04-01 08:00', null, 1);
INSERT INTO EMPLOYEE(PERSON_ID, DEPARTMENT_ID, START_DATE, END_DATE, EMPLOYMENT_TYPE_ID)
VALUES (10, 1, '2019-01-01 08:00', '2020-01-01', 2);
INSERT INTO EMPLOYEE(PERSON_ID, DEPARTMENT_ID, START_DATE, END_DATE, EMPLOYMENT_TYPE_ID)
VALUES (11, 1, '2010-01-01 08:00', null, 1);
INSERT INTO EMPLOYEE(PERSON_ID, DEPARTMENT_ID, START_DATE, END_DATE, EMPLOYMENT_TYPE_ID)
VALUES (12, 2, '2010-01-01 08:00', null, 1);
INSERT INTO EMPLOYEE(PERSON_ID, DEPARTMENT_ID, START_DATE, END_DATE, EMPLOYMENT_TYPE_ID)
VALUES (13, 1, '2019-01-01 08:00', null, 3);
INSERT INTO EMPLOYEE(PERSON_ID, DEPARTMENT_ID, START_DATE, END_DATE, EMPLOYMENT_TYPE_ID)
VALUES (14, 1, '2018-01-01 08:00', null, 3);
INSERT INTO EMPLOYEE(PERSON_ID, DEPARTMENT_ID, START_DATE, END_DATE, EMPLOYMENT_TYPE_ID)
VALUES (15, 1, '2018-01-01 08:00', null, 3);
INSERT INTO EMPLOYEE(PERSON_ID, DEPARTMENT_ID, START_DATE, END_DATE, EMPLOYMENT_TYPE_ID)
VALUES (16, 1, '2020-01-01 08:00', null, 1);
INSERT INTO EMPLOYEE(PERSON_ID, DEPARTMENT_ID, START_DATE, END_DATE, EMPLOYMENT_TYPE_ID)
VALUES (17, 1, '2020-01-01 08:00', '2020-02-01 08:00', 2);
INSERT INTO EMPLOYEE(PERSON_ID, DEPARTMENT_ID, START_DATE, END_DATE, EMPLOYMENT_TYPE_ID)
VALUES (18, 1, '2020-01-01 08:00', null, 2);
INSERT INTO EMPLOYEE(PERSON_ID, DEPARTMENT_ID, START_DATE, END_DATE, EMPLOYMENT_TYPE_ID)
VALUES (19, 2, '2020-01-01 08:00', null, 1);
INSERT INTO EMPLOYEE(PERSON_ID, DEPARTMENT_ID, START_DATE, END_DATE, EMPLOYMENT_TYPE_ID)
VALUES (20, 4, '2020-01-01 08:00', null, 1);

INSERT INTO ROLE (ID, NAME, LEVEL)
VALUES (1, 'ADMIN', 3);
INSERT INTO ROLE (ID, NAME, LEVEL)
VALUES (2, 'HR', 2);
INSERT INTO ROLE (ID, NAME, LEVEL)
VALUES (3, 'USER', 1);

INSERT INTO USER (ID, PERSON_ID, USERNAME, PASSWORD_HASH)
VALUES (1, 1, 'hframe', '5a3ead42950d8d2a7b15afcc742f12f8');

INSERT INTO USER (ID, PERSON_ID, USERNAME, PASSWORD_HASH)
VALUES (2, 2, 'smorgan', '37652f3d124838ffffb0aceb27bf8c16');

INSERT INTO USER (ID, PERSON_ID, USERNAME, PASSWORD_HASH)
VALUES (3, 3, 'rgraves', '15b29ffdce66e10527a65bc6d71ad94d');

INSERT INTO USER_ROLE(USER_ID, ROLE_ID)
VALUES (1, 3);
INSERT INTO USER_ROLE(USER_ID, ROLE_ID)
VALUES (2, 2);
INSERT INTO USER_ROLE(USER_ID, ROLE_ID)
VALUES (3, 1);